Gear Floor Pickup,Apr-18 20:39:20
1306,Gear Floor Pickup
2062,Gear Floor Pickup
2194,Gear Floor Pickup
2451,Gear Floor Pickup
48,Gear Floor Pickup
5586,Gear Floor Pickup
6166,Gear Floor Pickup
967,Gear Floor Pickup
1091,No Gear Floor Pickup
1625,No Gear Floor Pickup
167,No Gear Floor Pickup
171,No Gear Floor Pickup
1739,No Gear Floor Pickup
1986,No Gear Floor Pickup
2077,No Gear Floor Pickup
2506,No Gear Floor Pickup
2530,No Gear Floor Pickup
269,No Gear Floor Pickup
2826,No Gear Floor Pickup
2830,No Gear Floor Pickup
2977,No Gear Floor Pickup
3090,No Gear Floor Pickup
3100,No Gear Floor Pickup
3276,No Gear Floor Pickup
3381,No Gear Floor Pickup
3418,No Gear Floor Pickup
3695,No Gear Floor Pickup
3750,No Gear Floor Pickup
4021,No Gear Floor Pickup
4247,No Gear Floor Pickup
4531,No Gear Floor Pickup
4624,No Gear Floor Pickup
4655,No Gear Floor Pickup
4657,No Gear Floor Pickup
4762,No Gear Floor Pickup
4959,No Gear Floor Pickup
5003,No Gear Floor Pickup
5019,No Gear Floor Pickup
5098,No Gear Floor Pickup
5148,No Gear Floor Pickup
5339,No Gear Floor Pickup
5442,No Gear Floor Pickup
5826,No Gear Floor Pickup
5903,No Gear Floor Pickup
5914,No Gear Floor Pickup
6419,No Gear Floor Pickup
6420,No Gear Floor Pickup
6574,No Gear Floor Pickup
6624,No Gear Floor Pickup
6732,No Gear Floor Pickup
930,No Gear Floor Pickup
